-- --------------------------------------------------------
-- Host:                         127.0.0.1
-- Server version:               10.4.14-MariaDB - mariadb.org binary distribution
-- Server OS:                    Win64
-- HeidiSQL Version:             11.0.0.5919
-- --------------------------------------------------------

/*!40101 SET @OLD_CHARACTER_SET_CLIENT=@@CHARACTER_SET_CLIENT */;
/*!40101 SET NAMES utf8 */;
/*!50503 SET NAMES utf8mb4 */;
/*!40014 SET @OLD_FOREIGN_KEY_CHECKS=@@FOREIGN_KEY_CHECKS, FOREIGN_KEY_CHECKS=0 */;
/*!40101 SET @OLD_SQL_MODE=@@SQL_MODE, SQL_MODE='NO_AUTO_VALUE_ON_ZERO' */;


-- Dumping database structure for shophoa
CREATE DATABASE IF NOT EXISTS `shophoa` /*!40100 DEFAULT CHARACTER SET utf8mb4 COLLATE utf8mb4_unicode_ci */;
USE `shophoa`;

-- Dumping structure for table shophoa.binhluan
CREATE TABLE IF NOT EXISTS `binhluan` (
  `bl_id` int(10) NOT NULL AUTO_INCREMENT,
  `kh_bl_noidung` text COLLATE utf8mb4_unicode_ci DEFAULT NULL,
  `kh_bl_ngay` datetime DEFAULT NULL,
  `khachhang_kh_id` int(11) NOT NULL,
  `sanpham_sp_id` int(11) NOT NULL,
  PRIMARY KEY (`bl_id`),
  KEY `fk_binhluan_khachhang1_idx` (`khachhang_kh_id`),
  KEY `fk_binhluan_sanpham1_idx` (`sanpham_sp_id`),
  CONSTRAINT `fk_binhluan_khachhang1` FOREIGN KEY (`khachhang_kh_id`) REFERENCES `khachhang` (`kh_id`) ON UPDATE CASCADE,
  CONSTRAINT `fk_binhluan_sanpham1` FOREIGN KEY (`sanpham_sp_id`) REFERENCES `sanpham` (`sp_id`) ON UPDATE CASCADE
) ENGINE=InnoDB DEFAULT CHARSET=utf8mb4 COLLATE=utf8mb4_unicode_ci;

-- Dumping data for table shophoa.binhluan: ~0 rows (approximately)
/*!40000 ALTER TABLE `binhluan` DISABLE KEYS */;
/*!40000 ALTER TABLE `binhluan` ENABLE KEYS */;

-- Dumping structure for table shophoa.chude
CREATE TABLE IF NOT EXISTS `chude` (
  `cd_id` int(10) NOT NULL AUTO_INCREMENT,
  `cd_ten` varchar(50) COLLATE utf8mb4_unicode_ci DEFAULT NULL,
  PRIMARY KEY (`cd_id`)
) ENGINE=InnoDB AUTO_INCREMENT=8 DEFAULT CHARSET=utf8mb4 COLLATE=utf8mb4_unicode_ci;

-- Dumping data for table shophoa.chude: ~7 rows (approximately)
/*!40000 ALTER TABLE `chude` DISABLE KEYS */;
INSERT INTO `chude` (`cd_id`, `cd_ten`) VALUES
	(1, 'Sinh Nhật'),
	(2, 'Lãng Mạn'),
	(3, 'Hoa Cưới'),
	(4, 'Hoa Chúc Mừng'),
	(5, 'Hoa Xin Lỗi'),
	(6, 'Chúc Sức Khỏe'),
	(7, 'Hoa Khai Trương');
/*!40000 ALTER TABLE `chude` ENABLE KEYS */;

-- Dumping structure for table shophoa.dondathang
CREATE TABLE IF NOT EXISTS `dondathang` (
  `ddh_id` int(11) NOT NULL AUTO_INCREMENT,
  `ddh_diachi` varchar(100) COLLATE utf8mb4_unicode_ci DEFAULT NULL,
  `ddh_tongtien` decimal(13,3) DEFAULT NULL,
  `ddh_ngaylap` datetime DEFAULT NULL,
  `ddh_ngaygiao` datetime DEFAULT NULL,
  `ddh_trangthai` int(1) DEFAULT NULL,
  `hinhthucthantoan_httt_id` int(11) NOT NULL,
  `khachhang_kh_id` int(11) NOT NULL,
  PRIMARY KEY (`ddh_id`),
  KEY `fk_dondathang_hinhthucthantoan1_idx` (`hinhthucthantoan_httt_id`),
  KEY `fk_dondathang_khachhang1_idx` (`khachhang_kh_id`),
  CONSTRAINT `fk_dondathang_hinhthucthantoan1` FOREIGN KEY (`hinhthucthantoan_httt_id`) REFERENCES `hinhthucthantoan` (`httt_id`) ON UPDATE CASCADE,
  CONSTRAINT `fk_dondathang_khachhang1` FOREIGN KEY (`khachhang_kh_id`) REFERENCES `khachhang` (`kh_id`) ON UPDATE CASCADE
) ENGINE=InnoDB DEFAULT CHARSET=utf8mb4 COLLATE=utf8mb4_unicode_ci;

-- Dumping data for table shophoa.dondathang: ~0 rows (approximately)
/*!40000 ALTER TABLE `dondathang` DISABLE KEYS */;
/*!40000 ALTER TABLE `dondathang` ENABLE KEYS */;

-- Dumping structure for table shophoa.dondathang_has_sanpham
CREATE TABLE IF NOT EXISTS `dondathang_has_sanpham` (
  `dondathang_ddh_id` int(11) NOT NULL,
  `sanpham_sp_id` int(11) NOT NULL,
  `sp_ctdh_dongia` decimal(13,3) DEFAULT NULL,
  `sp_ctdh_soluong` int(10) DEFAULT NULL,
  PRIMARY KEY (`dondathang_ddh_id`,`sanpham_sp_id`),
  KEY `fk_dondathang_has_sanpham_sanpham1_idx` (`sanpham_sp_id`,`sp_ctdh_soluong`),
  KEY `fk_dondathang_has_sanpham_dondathang1_idx` (`dondathang_ddh_id`),
  CONSTRAINT `fk_dondathang_has_sanpham_dondathang1` FOREIGN KEY (`dondathang_ddh_id`) REFERENCES `dondathang` (`ddh_id`) ON UPDATE CASCADE,
  CONSTRAINT `fk_dondathang_has_sanpham_sanpham1` FOREIGN KEY (`sanpham_sp_id`) REFERENCES `sanpham` (`sp_id`) ON UPDATE CASCADE
) ENGINE=InnoDB DEFAULT CHARSET=utf8mb4 COLLATE=utf8mb4_unicode_ci;

-- Dumping data for table shophoa.dondathang_has_sanpham: ~0 rows (approximately)
/*!40000 ALTER TABLE `dondathang_has_sanpham` DISABLE KEYS */;
/*!40000 ALTER TABLE `dondathang_has_sanpham` ENABLE KEYS */;

-- Dumping structure for table shophoa.hinhsanpham
CREATE TABLE IF NOT EXISTS `hinhsanpham` (
  `hasp_id` int(10) NOT NULL AUTO_INCREMENT,
  `hsp_tenfile` varchar(255) COLLATE utf8mb4_unicode_ci DEFAULT NULL,
  `sanpham_sp_id` int(11) NOT NULL,
  PRIMARY KEY (`hasp_id`),
  KEY `fk_hinhsanpham_sanpham1_idx` (`sanpham_sp_id`),
  CONSTRAINT `fk_hinhsanpham_sanpham1` FOREIGN KEY (`sanpham_sp_id`) REFERENCES `sanpham` (`sp_id`) ON UPDATE CASCADE
) ENGINE=InnoDB AUTO_INCREMENT=519 DEFAULT CHARSET=utf8mb4 COLLATE=utf8mb4_unicode_ci;

-- Dumping data for table shophoa.hinhsanpham: ~217 rows (approximately)
/*!40000 ALTER TABLE `hinhsanpham` DISABLE KEYS */;
INSERT INTO `hinhsanpham` (`hasp_id`, `hsp_tenfile`, `sanpham_sp_id`) VALUES
	(1, 'Hoa_Hong1d.jpg', 1),
	(2, 'Hoa_Hong1c.jpg', 1),
	(3, 'Hoa_Hong1b.jpg', 1),
	(4, 'Hoa_Hong1.jpg', 1),
	(5, 'Hoa_Cam_Chuong1e.jpg', 2),
	(6, 'Hoa_Cam_Chuong1d.jpg', 2),
	(7, 'Hoa_Cam_Chuong1c.jpg', 2),
	(8, 'Hoa_Cam_Chuong1b.jpg', 2),
	(9, 'Hoa_Cam_Chuong1a.jpg', 2),
	(10, 'Hoa_Cam_Chuong1.jpg', 2),
	(11, 'Hoa_Cam_Chuong5d.jpg', 5),
	(12, 'Hoa_Cam_Chuong5c.jpg', 5),
	(13, 'Hoa_Cam_Chuong5b.jpg', 5),
	(14, 'Hoa_Cam_Chuong5a.jpg', 5),
	(15, 'Hoa_Cam_Chuong5.jpg', 5),
	(16, 'Spring-Garden-Hanoi-HCMC-2_1024x1024@2x.jpg', 7),
	(17, 'Spring-Garden-Hanoi-HCMC_1024x1024@2x.jpg', 7),
	(18, 'SpringGarden_8a7fdabb-0ecd-4f76-82dc-5dd0583f2546_1024x1024@2x.jpg', 7),
	(19, 'springgaden_3489e898-c341-4146-8d14-3c183561404d_1024x1024@2x.jpg', 7),
	(20, 'Hoa_Hong2b.jpg', 11),
	(21, 'Hoa_Hong2a.jpg', 11),
	(22, 'Hoa_Hong2.jpg', 11),
	(23, 'CityOFStars11_1024x1024@2x.jpg', 12),
	(24, 'CityOFStars1_1024x1024@2x.jpg', 12),
	(25, 'CityOF2_1024x1024@2x.jpg', 12),
	(26, 'ComeAndKissMe_C_mTron2_1024x1024@2x.jpg', 14),
	(27, 'ComeAndKissMe_C_mTron12_1024x1024@2x.jpg', 14),
	(28, 'ComeAndKissMe_C_mTron1_1024x1024@2x.jpg', 14),
	(29, 'ComeAndKissMe_C_mTron_1024x1024@2x.jpg', 14),
	(30, 'hop-hoa-hop-hoa-go-have-a-sweet-day-3_1024x1024@2x.jpg', 16),
	(31, 'H_pHoaG_HaveASweetDay2_1024x1024@2x.jpg', 16),
	(32, 'H_pHoaG_HaveASweetDay1_1024x1024@2x.jpg', 16),
	(33, 'H_pHoaG_HaveASweetDay_1024x1024@2x.jpg', 16),
	(34, 'pinky_6067cced-5d81-428c-9882-4448936cef21_1024x1024@2x.jpg', 20),
	(35, 'Pinky_1024x1024@2x.jpg', 20),
	(36, 'nhieu-loai-hoa-bo-hoa-pinky-3_1024x1024@2x.jpg', 20),
	(37, 'BoHoaDoorsToHeavenCaoCap-web2_1024x1024@2x.jpg', 21),
	(38, 'BoHoaDoorsToHeavenCaoCap-web_1024x1024@2x.jpg', 21),
	(39, 'fireforthesoul_1024x1024@2x.jpg', 28),
	(40, 'BinhHoaTh_yTinhFireForTheSoul_1024x1024@2x.jpg', 28),
	(41, 'pinkblush_856f8b80-c69e-4bae-8f0a-20b629b3a385_1024x1024@2x.jpg', 34),
	(42, 'pinkblush_1024x1024@2x.jpg', 34),
	(43, 'gio-hoa-gio-hoa-diamond-love-3_1024x1024@2x.jpg', 38),
	(44, 'Gi_HoaDiamondLoveOnWeb_1024x1024@2x.jpg', 38),
	(45, 'diamondlove2_1024x1024@2x.jpg', 38),
	(46, 'diamondlove_4419600c-55f4-4fd6-95c5-238f2527d38f_1024x1024@2x.jpg', 38),
	(47, 'diamondlove_1024x1024@2x.jpg', 38),
	(48, '76b630271d97e1c9b886_1024x1024@2x.jpg', 38),
	(49, 'hop-hoa-hop-hoa-go-sunshine-box-2_1024x1024@2x.jpg', 50),
	(50, 'H_pHoaG_SunshineBox1_1024x1024@2x.jpg', 50),
	(51, 'H_pHoaG_SunshineBox_1024x1024@2x.jpg', 50),
	(52, 'Hoa_Huong_Duong2b.jpg', 52),
	(53, 'Hoa_Huong_Duong2a.jpg', 52),
	(54, 'Hoa_Huong_Duong2.jpg', 52),
	(55, 'BoHoaH_ngD_ngShinyBaby1_1024x1024@2x.jpg', 53),
	(56, 'BoHoaH_ngD_ngShinyBaby_1024x1024@2x.jpg', 53),
	(57, 'Hoa_Huong_Duong1a.jpg', 54),
	(58, 'Hoa_Huong_Duong.jpg', 54),
	(59, 'hoa-baby-bo-hoa-my-only-sunshine-1_1024x1024@2x.jpg', 55),
	(60, 'BoHoaYellowGarden2_1024x1024@2x.jpg', 55),
	(61, 'BoHoaYellowGarden1_1024x1024@2x.jpg', 55),
	(62, 'BoHoaYellowGarden_87092941-9d4c-42d3-a3cf-5f0694af9c0a_1024x1024@2x.jpg', 55),
	(63, 'hoa-baby-bo-hoa-my-only-sunshine-3_1024x1024@2x.jpg', 56),
	(64, 'Happy_1d07c191-8a68-414a-973c-fdb949a012fd_1024x1024@2x.jpg', 57),
	(65, 'gio-hoa-gio-hoa-be-happy-3_1024x1024@2x.jpg', 57),
	(66, 'behappy_e534ad01-2bc8-4bff-b2f9-3b60f467bf35_1024x1024@2x.jpg', 57),
	(67, 'mindfulsouldb_1024x1024@2x.jpg', 58),
	(68, 'mindfulsoulcb_4c6c0a63-b2c2-40ce-999b-59b467682f7e_1024x1024@2x.jpg', 58),
	(69, 'MindfulSoul-c_b_n_1024x1024@2x.jpg', 58),
	(70, 'MindfulSoul-c_b_n.1_1024x1024@2x.jpg', 58),
	(71, 'mindfulsoul_1024x1024@2x.jpg', 58),
	(72, 'wonderland_1024x1024@2x.jpg', 66),
	(73, 'IMG_3952_2_1024x1024@2x.jpg', 66),
	(74, 'CE0617FC-D04F-4652-ADF1-2C80F03E265E_1024x1024@2x.jpg', 66),
	(75, '8401F03B-340C-447C-9DC4-659B428D7924_1024x1024@2x.jpg', 66),
	(76, 'H_pHoaG_PrettyGlory1_1024x1024@2x.jpg', 67),
	(77, 'H_pHoaG_PrettyGlory_1024x1024@2x.jpg', 67),
	(78, 'BoHoaPurpleDesire2_1024x1024@2x.jpg', 71),
	(79, 'BoHoaPurpleDesire1_1024x1024@2x.jpg', 71),
	(80, 'BoHoaPurpleDesire_1024x1024@2x.jpg', 71),
	(81, 'TheOceanBreeze1_1024x1024@2x.jpg', 72),
	(82, 'TheOceanBreeze_1024x1024@2x.jpg', 72),
	(83, 'nhieu-loai-hoa-bo-hoa-the-ocean-breeze-1_1024x1024@2x.jpg', 72),
	(84, 'IMG_0831_1024x1024@2x.jpg', 72),
	(85, 'nhieu-loai-hoa-bo-hoa-purple-desire-dac-biet-4_1024x1024@2x.jpg', 74),
	(86, 'BoHoaTwilight1_1024x1024@2x.jpg', 74),
	(87, 'BoHoaTwilight_1024x1024@2x.jpg', 74),
	(88, 'bo-hoa-autumn-melody-4_1024x1024@2x.jpeg', 75),
	(89, 'bo-hoa-autumn-melody-2_1024x1024@2x.jpg', 75),
	(90, 'BoHoaAutumnMelody1_1024x1024@2x.jpg', 75),
	(91, 'anna_sgarden_40e645d2-4b39-4dc9-b6fc-38502e22d111_1024x1024@2x.jpg', 80),
	(92, 'Anna_sGarden_007c9667-eb30-47d6-b724-b43f2d23c8e5_1024x1024@2x.jpg', 80),
	(93, 'UnderTheBlueSky_1024x1024@2x.jpg', 82),
	(94, 'underthe_1024x1024@2x.jpg', 82),
	(95, 'underdb_1024x1024@2x.jpg', 82),
	(96, 'undercc_1024x1024@2x.jpg', 82),
	(97, 'daydreamer_1024x1024@2x.jpg', 84),
	(98, 'daydreamer_1_1024x1024@2x.jpg', 84),
	(99, 'romaticescape_1024x1024@2x.jpg', 85),
	(100, 'romance-escape_1024x1024@2x.jpg', 85),
	(101, 'nhieu-loai-hoa-bo-hoa-romantic-escape-3_1024x1024@2x.jpg', 85),
	(102, 'nhieu-loai-hoa-bo-hoa-romantic-escape-2_1024x1024@2x.jpg', 85),
	(103, 'sweet-desire-234_1024x1024@2x.jpg', 86),
	(104, 'sweet-desire-2_1024x1024@2x.jpg', 86),
	(105, 'sweet-desire-123_1024x1024@2x.jpg', 86),
	(106, 'SweetDesire_Transparent_01_1024x1024@2x.jpg', 86),
	(107, 'sweetdesire_1024x1024@2x.jpg', 86),
	(108, 'bo-hoa-million-little-things-3_1024x1024@2x.jpg', 87),
	(109, 'bo-hoa-million-little-things-2_1024x1024@2x.jpg', 87),
	(110, 'bo-hoa-million-little-things-1_1_1024x1024@2x.jpg', 87),
	(111, 'passionate-love-345_1024x1024@2x.jpg', 88),
	(112, 'passionate-love-234_1024x1024@2x.jpg', 88),
	(113, 'passionate-love-123_1024x1024@2x.jpg', 88),
	(114, 'passionate-love-123_1024x1024@2x.jpg', 88),
	(115, 'PassionateLove_1024x1024@2x.jpg', 88),
	(116, 'my-juliet-345_1024x1024@2x.jpg', 89),
	(117, 'my-juliet-2_1_1024x1024@2x.jpg', 89),
	(118, 'my-juliet-123_1024x1024@2x.jpg', 89),
	(119, 'my-princess-3_1024x1024@2x.jpg', 90),
	(120, 'my-princess-2_1024x1024@2x.jpg', 90),
	(121, 'my-princess_c4903f43-c3d8-4803-b1e5-40bd9206964b_1024x1024@2x.jpg', 90),
	(122, 'myprincess_1024x1024@2x.jpg', 90),
	(123, 'EnchantedSieuTo1_1024x1024@2x.jpg', 91),
	(124, 'EnchantedSieuTo_1024x1024@2x.jpg', 91),
	(125, 'bo-hoa-enchanted-3_1024x1024@2x.jpg', 91),
	(126, 'bo-hoa-enchanted-2_1024x1024@2x.jpg', 91),
	(127, 'BoHoaEnchanted_1024x1024@2x.jpg', 91),
	(128, 'sweet-tenderness-6_1024x1024@2x.jpg', 92),
	(129, 'H_pHoaG_SweetTenderness_1024x1024@2x.jpg', 92),
	(130, 'BoHoaCrystalPearlonweb_1024x1024@2x.jpg', 93),
	(131, 'BoHoaCrystalPearl_d764aec2-22bb-4758-a90f-a5ade95d798c_1024x1024@2x.jpg', 93),
	(132, 'BoHoaCrystalPearl_1024x1024@2x.jpg', 93),
	(133, 'intense-love-5_1024x1024@2x.jpg', 94),
	(134, 'intense-love-4_1024x1024@2x.jpg', 94),
	(135, 'intense-love-1_1024x1024@2x.jpg', 94),
	(136, 'intense-love-_2_1024x1024@2x.jpg', 94),
	(137, 'Sweet-Blossom2_1024x1024@2x.jpg', 96),
	(138, 'sweetblossom_1024x1024@2x.jpg', 96),
	(139, 'H_pHoaG_SweetBlossom_1024x1024@2x.jpg', 96),
	(140, 'YoungandBeautiful1_1024x1024@2x.jpg', 100),
	(141, 'youngandbeautiful_1024x1024@2x.jpg', 100),
	(142, 'Young_Beautiful_1024x1024@2x.jpg', 100),
	(143, 'hoa-baby-bo-hoa-young-beautiful-5_1024x1024@2x.jpg', 100),
	(144, 'shining-ruby-5_1024x1024@2x.jpg', 101),
	(145, 'shining-ruby-3_1024x1024@2x.jpg', 101),
	(146, 'Shining-Ruby_1024x1024@2x.jpg', 101),
	(147, 'bo-hoa-love-at-first-sight-3_1024x1024@2x.jpg', 102),
	(148, 'bo-hoa-love-at-first-sight-2_1024x1024@2x.jpg', 102),
	(149, 'bo-hoa-love-at-first-sight-1_1_1024x1024@2x.jpg', 102),
	(150, 'gentle-love-hcmc-hanoi_1024x1024@2x.jpg', 103),
	(151, 'GentleLove_C_B_n_1024x1024@2x.jpg', 103),
	(152, 'gentlelove_1024x1024@2x.jpg', 103),
	(153, 'Roseanne_5d2c4a3c-5696-475d-9e4c-39fe44f06e6a_1024x1024@2x.jpg', 104),
	(154, 'Roseanne_1024x1024@2x.jpg', 104),
	(155, 'Bo-Hoa-Roseanne_1024x1024@2x.jpg', 104),
	(156, '4-roseanne-web-rs-macro-12_1024x1024@2x.jpg', 104),
	(157, 'Blooms-Of-Love3_1024x1024@2x.jpg', 105),
	(158, 'Bloomsoflove2_1024x1024@2x.jpg', 105),
	(159, 'Blooms-Of-Love_dc2f1bd1-fc27-4f43-b2bd-2a2529aff895_1024x1024@2x.jpg', 105),
	(160, 'purejoydb_d0e30c24-ae6f-4003-8919-9215680fc7e9_1024x1024@2x.jpg', 108),
	(161, 'purejoycc_a8701d37-73c4-42fe-b661-e8375a0aa9e8_1024x1024@2x.jpg', 108),
	(162, 'purejoycb_54db965d-c4d5-404f-9445-33b0f4cea8e4_1024x1024@2x.jpg', 108),
	(163, 'purejoy_1024x1024@2x.jpg', 108),
	(164, 'lovingmesoftly_1024x1024@2x.jpg', 111),
	(165, 'BinhHoaTh_yTinhLovingMeSoftly_1024x1024@2x.jpg', 111),
	(166, 'midsummer_85a9af6b-8055-4fb8-a51f-2d5b7b846794_1024x1024@2x.jpg', 115),
	(167, 'midsum_1024x1024@2x.jpg', 115),
	(168, 'bo-hoa-be-grateful-3_1024x1024@2x.jpg', 116),
	(169, 'bo-hoa-be-grateful-2_1024x1024@2x.jpg', 116),
	(170, 'bo-hoa-be-grateful-1_1_1024x1024@2x.jpg', 116),
	(171, 'begrateful_1024x1024@2x.jpg', 116),
	(172, 'pinkypromise_1024x1024@2x.jpg', 117),
	(173, 'pink-promise-5_1024x1024@2x.jpg', 117),
	(174, 'pink-promise-4_6a97191d-5eed-4693-96d7-e1881a8e408f_1024x1024@2x.jpg', 117),
	(175, 'pink-promise-3_1024x1024@2x.jpg', 117),
	(176, 'BohoaDreamofyou1_1024x1024@2x.jpg', 118),
	(177, 'BoHoaDreamofYou_1024x1024@2x.jpg', 118),
	(178, '2-Dream-of-you-with-web-rs-5_1024x1024@2x.jpg', 118),
	(179, 'nhieu-loai-hoa-gio-hoa-lily-cam-chuong-trang-eternal-bond-1_1_1024x1024@2x.jpg', 119),
	(180, 'MissGlobe_be47b391-1537-46d5-acb4-7c11b60f9d0b_1024x1024@2x.jpg', 120),
	(181, 'BoHoaPinkPrincess_c1ac38bc-39bd-4427-9c3b-9bc88d65af15_1024x1024@2x.jpg', 121),
	(182, 'BoHoaPinkPrincess_1024x1024@2x.jpg', 121),
	(183, '5CC8B192-0116-4ABB-A17C-EE8345367C98_1024x1024@2x.jpg', 121),
	(184, 'DB11736C-7FB9-4D8D-8FDF-B90E4C61B718_1024x1024@2x.jpg', 125),
	(185, 'BoHoaDearDaises_67176385-05fd-41bb-93d1-45e20cd85895_1024x1024@2x.jpg', 125),
	(186, 'BoHoaDearDaises_1024x1024@2x.jpg', 125),
	(187, 'BoHoaMakeMeSmile1_1024x1024@2x.jpg', 126),
	(188, 'BoHoaMakeMeSmile_46c5361d-1a8c-47ee-8c4f-f4ca2fcc769b_1024x1024@2x.jpg', 126),
	(189, 'BoHoaMakeMeSmile_1024x1024@2x.jpg', 126),
	(190, 'adorablesmileupshopify_1024x1024@2x.jpg', 129),
	(191, 'AdorableSmileHCM.jpg1_1024x1024@2x.jpg', 129),
	(192, 'AdorableSmile_6fa71b59-a807-41de-b1c6-3e8d431e62e4_1024x1024@2x.jpg', 129),
	(193, 'adorablesmile_1024x1024@2x.jpg', 129),
	(194, 'bo-hoa-passionate-heart-2_1024x1024@2x.jpg', 130),
	(195, 'BoHoaPassionateHeart_1024x1024@2x.jpg', 130),
	(196, 'orientalbloomcb_1024x1024@2x.jpg', 132),
	(197, 'orientalbloom_b3bcf4b6-9b62-4270-89b9-7344eab89311_1024x1024@2x.jpg', 132),
	(198, 'BoHoaTh_BinhOrientalBloom_1024x1024@2x.jpg', 132),
	(199, 'gio-hoa-lan-elegant-in-white-4_1024x1024@2x.jpg', 136),
	(200, 'gio-hoa-lan-elegant-in-white-3_1024x1024@2x.jpg', 136),
	(201, 'Gi_HoaLanElegantInWhite_1024x1024@2x.jpg', 136),
	(202, 'Ch_uHoaLanMorningDew_1024x1024@2x.jpg', 137),
	(203, 'Ch_uHoaLanBreakOfDawn_1024x1024@2x.jpg', 138),
	(204, 'gio-hoa-lan-delicacy-of-the-moon-4_1024x1024@2x.jpg', 139),
	(205, 'gio-hoa-lan-delicacy-of-the-moon-3_1024x1024@2x.jpg', 139),
	(206, 'Gi_HoaLanDelicacyOfTheMoon_1024x1024@2x.jpg', 139),
	(207, 'Ch_uHoaLanVanillaButterfly_1024x1024@2x.jpg', 140),
	(208, 'Ch_uHoaLanSpringInBlossom_1024x1024@2x.jpg', 141),
	(209, 'gio-hoa-lan-spring-light-3_1024x1024@2x.jpg', 142),
	(210, 'gio-hoa-lan-gentle-brightness-3_1024x1024@2x.jpg', 142),
	(211, 'Gi_HoaLanGentleBrightness_1024x1024@2x.jpg', 142),
	(212, 'Gi_HoaLanSpringLight_1024x1024@2x.jpg', 143),
	(213, 'Ch_uHoaLanMelodyOfJoy_1024x1024@2x.jpg', 144),
	(214, 'BoHoaTh_BinhHoaD_t_1024x1024@2x.jpg', 145),
	(215, 'bo-hoa-cam-san-hoa-dat-6_1024x1024@2x.jpg', 145),
	(216, 'Ch_uHoaLanParadeOfMagenta_1024x1024@2x.jpg', 146),
	(217, 'Ch_uHoaLanMidnight_1024x1024@2x.jpg', 147);
/*!40000 ALTER TABLE `hinhsanpham` ENABLE KEYS */;

-- Dumping structure for table shophoa.hinhthucthantoan
CREATE TABLE IF NOT EXISTS `hinhthucthantoan` (
  `httt_id` int(5) NOT NULL AUTO_INCREMENT,
  `httt_ten` varchar(50) COLLATE utf8mb4_unicode_ci DEFAULT NULL,
  PRIMARY KEY (`httt_id`)
) ENGINE=InnoDB AUTO_INCREMENT=8 DEFAULT CHARSET=utf8mb4 COLLATE=utf8mb4_unicode_ci;

-- Dumping data for table shophoa.hinhthucthantoan: ~4 rows (approximately)
/*!40000 ALTER TABLE `hinhthucthantoan` DISABLE KEYS */;
INSERT INTO `hinhthucthantoan` (`httt_id`, `httt_ten`) VALUES
	(1, 'Tiền mặt khi nhận hàng'),
	(2, 'Ví điện tử MOMO'),
	(3, 'Ví điện tử ZaloPay'),
	(4, 'Thanh toán bằng thẻ ngân hàng');
/*!40000 ALTER TABLE `hinhthucthantoan` ENABLE KEYS */;

-- Dumping structure for table shophoa.khachhang
CREATE TABLE IF NOT EXISTS `khachhang` (
  `kh_id` int(11) NOT NULL AUTO_INCREMENT,
  `kh_tendangnhap` varchar(50) COLLATE utf8mb4_unicode_ci NOT NULL,
  `kh_matkhau` varchar(50) COLLATE utf8mb4_unicode_ci NOT NULL,
  `kh_hoten` varchar(50) COLLATE utf8mb4_unicode_ci DEFAULT NULL,
  `kh_gioitinh` int(1) DEFAULT NULL,
  `kh_ngaysinh` date DEFAULT NULL,
  `kh_sodienthoai` varchar(50) COLLATE utf8mb4_unicode_ci DEFAULT NULL,
  `kh_diachi` varchar(100) COLLATE utf8mb4_unicode_ci DEFAULT NULL,
  `kh_email` varchar(50) COLLATE utf8mb4_unicode_ci DEFAULT NULL,
  `kh_avt_tenfile` varchar(255) COLLATE utf8mb4_unicode_ci DEFAULT NULL,
  `kh_trangthai` int(1) DEFAULT NULL,
  `kh_quantri` int(1) DEFAULT NULL,
  PRIMARY KEY (`kh_id`)
) ENGINE=InnoDB AUTO_INCREMENT=64 DEFAULT CHARSET=utf8mb4 COLLATE=utf8mb4_unicode_ci;

-- Dumping data for table shophoa.khachhang: ~35 rows (approximately)
/*!40000 ALTER TABLE `khachhang` DISABLE KEYS */;
INSERT INTO `khachhang` (`kh_id`, `kh_tendangnhap`, `kh_matkhau`, `kh_hoten`, `kh_gioitinh`, `kh_ngaysinh`, `kh_sodienthoai`, `kh_diachi`, `kh_email`, `kh_avt_tenfile`, `kh_trangthai`, `kh_quantri`) VALUES
	(1, 'admin', '12345', 'Trần Văn Hòa', 1, '2000-04-15', '0300471491', 'dhxi1huo2zadl91qps@gmail.com', '"262 Nguyễn Thái Sơn', ' Phường 4', 0, 0),
	(2, 'admin2', '54321', 'Đỗ Nguyễn Duy Linh', 1, '1994-11-09', '0190932854', 'by53a88gwqtdysc792@gmail.com', '"E-Town Central', ' Số 11', 0, 0),
	(3, 'admin3', '*****', 'Dương Thị Tường Vy', 0, '1999-12-11', '0767545170', 'jne2emzg9yax@gmail.com', '"43/6A Minh Phụng', ' Phường 05', 0, 0),
	(4, 'cm7l', '7ypjmn0xb', 'Đặng Tuấn Anh', 1, '1983-02-10', '0615627313', 'cm7l7ypjmn0xbfwlapm@gmail.com', '"262/53A Lê Văn Sỹ', ' Phường 14', 0, 0),
	(5, 'xszm', 'ld9zcah', 'Hoàng Đức Anh', 1, '1991-03-06', '0622782821', 'xszmld9zcah6i2q@gmail.com', '"Số 19 ngõ 69 Đường Nguyễn Hoàng', ' Phường Mỹ Đình 2', 0, 0),
	(6, '5qvg', 'bf7xn9wb', 'Lưu Trang Anh', 0, '1980-01-10', '0866614672', '5qvgbf7xn9wbib1fs1cq@gmail.com', '"Số 4', ' liền kề 10', 0, 0),
	(7, 'ar3s', 'slrgt', 'Phạm Hoàng Anh', 1, '1989-09-07', '0848547001', 'ar3sslrgt145kmqd6l8@gmail.com', '"Số 35 Trung Kính', ' Phường Trung Hoà', 0, 0),
	(8, 'ye0d', 'gzhdrxo2@g', 'Phạm Thị Hiền Anh', 0, '1991-03-20', '0688314823', 'ye0dgzhdrxo2@gmail.com', '"Số 3', ' Ngách 130/16', 0, 0),
	(9, 'g86r', 'ol3f9af1', 'Phạm Khắc Việt Anh', 1, '1997-08-09', '0269629636', 'g86rol3f9af12lcc2ztr@gmail.com', '"715 Đường 3/2', ' ', 0, 0),
	(10, 'xb1d', 'ippeg', 'Đỗ Hoàng Gia Bảo', 1, '1994-09-27', '0735092145', 'xb1dippegj@gmail.com', '"552-554 Đường 30/4', ' ', 0, 0),
	(11, 'nkf5', 'ruxxsdwb', 'Trần Thị Minh Châu', 0, '1982-09-03', '0421757011', 'nkf5ruxxsdwb1q@gmail.com', '"35B Cách Mạng Tháng 8', ' ', 0, 0),
	(12, '1gfo', 'v6hi9iu', 'Tăng Phương Chi', 0, '1981-09-30', '0186776528', '1gfov6hi9iu81e@gmail.com', '"Số 474-476 Hữu Nghị', ' Khóm Xuân Hoà Tt. Tịnh Biên ', 0, 0),
	(13, 'i05y', 'za679ubkf', 'Gan Feng Du', 1, '1996-05-12', '0946965493', 'i05yza679ubkfo@gmail.com', '"349/6 Phạm Cự Lượng', ' Phường: Mỹ Quý', 0, 1),
	(14, 'n7ev', '875g2q', 'Phạm Tiến Dũng', 1, '1980-11-09', '0191230087', 'n7ev875g2qdo5own1d@gmail.com', '"180A 10 Đường Hàm Nghi', ' Phường: Bình Khánh', 0, 1),
	(15, 'n4ya', '132cx6', 'Nguyễn Thái Dương', 1, '1992-02-27', '0733938087', 'n4ya132cx6lxv9t@gmail.com', '"180B', ' Trần Hưng Đạo', 0, 0),
	(16, 'lej7', '2r1fl', 'Trần An Dương', 0, '1997-06-06', '0158787711', 'lej72r1flywxkqsm@gmail.com', '"219 Hoàng Diệu', ' Phường: Châu Phú B', 0, 1),
	(17, 'rtyp', '30xjmi@g', 'Mạc Trung Đức', 1, '1990-03-21', '0161486573', 'rtyp30xjmi@gmail.com', '"538 Ql 91', ' Thị Trấn: Cái Dầu', 0, 1),
	(18, 'odfo', 'r99d9', 'Vũ Hương Giang', 0, '1991-01-12', '0825645916', 'odfor99d9pthr@gmail.com', '"Số 244 Trần Hưng Đạo', ' Phường: Bình Khánh', 0, 1),
	(19, 'khmt', '3lmmx3', 'Nguyễn Thị Ngân Hà', 0, '1982-07-10', '0748289412', 'khmt3lmmx3i60d@gmail.com', '"Số 111 Tổ 2 Khu Phố 10 ', ' Thị Trấn: Sông Đốc', 0, 1),
	(20, '8esc', 'ef5u7m', 'Nguyễn Lê Hiếu', 1, '1999-06-18', '0407602809', '8escef5u7mst8j3ozi56@gmail.com', '"Khóm 1', ' Thị Trấn: Thới Bình', 0, 1),
	(21, 'fxvt', 'vvqfh29', 'Phạm Xuân Hòa', 0, '1993-01-11', '0138848610', 'fxvtvvqfh29hed16@gmail.com', '"18 Nguyễn Ngọc Sanh', ' Phường: 5', 0, 1),
	(22, '0gy5', 's0ao9l@g', 'Khoa Minh Hoàng', 1, '2000-02-13', '0163422604', '0gy5s0ao9l@gmail.com', '"281 Ql 1A', ' Thị Trấn: Cái Nước', 0, 1),
	(23, 'k4ev', 'lyjprd134', 'Nguyễn Hữu Hiệp Hoàng', 1, '1995-08-05', '0343486027', 'k4evlyjprd13454@gmail.com', '"Số 23 Nguyễn Văn Thoại', ' ', 0, 0),
	(24, '8t69', '2w6cw', 'Nguyễn Mạnh Hùng', 1, '1994-07-28', '0954498556', '8t692w6cwo@gmail.com', '"203 Đường Điện Biên Phủ', ' ', 0, 0),
	(25, 'bio8', '3gsfoz8', 'Nguyễn Vũ Gia Hưng', 1, '1980-07-09', '0822206821', 'bio83gsfoz8rjt8i4r7@gmail.com', '"320-322 Lê Duẩn', ' ', 0, 0),
	(26, 'liy4', 'd79k1o@gma', 'Trần Tuấn Hưng', 1, '1983-03-02', '0562208978', 'liy4d79k1o@gmail.com', '"Tổ Nhân Dân Tân Thịnh', ' Tt. Tân Yên ', 0, 0),
	(27, 'sx5q', 'lywy2g', 'Phạm Gia Minh', 1, '1980-01-08', '0516915424', 'sx5qlywy2g6gfk@gmail.com', '"115-117 Đường Bình Thuận', ' Tổ 29 ', 0, 0),
	(28, 'qv4h', 'sebj9yf', 'Đỗ Hoàng Mỹ', 0, '1988-04-11', '0700661233', 'qv4hsebj9yf95j8l@gmail.com', '"Số 542 - 544 Đường 17/8', ' Tổ 15 ', 0, 0),
	(29, 'adox', 'g51lmo', 'Đỗ Quang Ngọc', 1, '1993-05-19', '0488682534', 'adoxg51lmoyvn2@gmail.com', '"Số 184 Quang Trung', ' Tổ 23 ', 0, 0),
	(30, '85uq', 'zc3j6kz', 'Đàm Yến Nhi', 0, '1982-10-11', '0487359653', '85uqzc3j6kzkmu@gmail.com', '"Tổ Dân Phố Cơ Quan', ' Tt. Sơn Dương ', 0, 0),
	(31, 'msc0', 'upw1e4jo', 'Đoàn Hoàng Sơn', 1, '1999-03-13', '0714700757', 'msc0upw1e4joe50@gmail.com', '"Số 46 Tổ Dân Phố Quyết Thắng', ' Tt.Sơn Dương ', 0, 0),
	(32, 't5xl', 'gjdcju4', 'Nguyễn Công Thành', 1, '1982-01-15', '0563981091', 't5xlgjdcju4@gmail.com', '"Số 209', ' Đường Trần Phú', 0, 0),
	(33, 'h1or', 'pilrvm', 'Bùi Phương Thảo', 0, '1992-01-27', '0728699023', 'h1orpilrvmv@gmail.com', '"Số 17 Đường 19/5', ' Thị Trấn: Ba Tri', 0, 1),
	(34, '1y13', 'r84n7ry', 'Nguyễn Hương Thảo', 0, '1988-08-12', '0770703155', '1y13r84n7ry45m8@gmail.com', '"Số 340 Kp3 ', ' Thị Trấn: Giồng Trôm', 0, 1),
	(35, '5zpw', 'hgf6pl4p78', 'Tô Diệu Thảo', 0, '2000-01-21', '0159523198', '5zpwhgf6pl4p78utw7@gmail.com', '"Số 24 Nguyễn Trung Trực', ' Phường: 1', 0, 1);
/*!40000 ALTER TABLE `khachhang` ENABLE KEYS */;

-- Dumping structure for table shophoa.khuyenmai
CREATE TABLE IF NOT EXISTS `khuyenmai` (
  `km_id` int(10) NOT NULL AUTO_INCREMENT,
  `km_ten` varchar(100) COLLATE utf8mb4_unicode_ci NOT NULL,
  `km_noidung` text COLLATE utf8mb4_unicode_ci DEFAULT NULL,
  `km_tungay` datetime DEFAULT NULL,
  `km_denngay` datetime DEFAULT NULL,
  PRIMARY KEY (`km_id`)
) ENGINE=InnoDB AUTO_INCREMENT=2 DEFAULT CHARSET=utf8mb4 COLLATE=utf8mb4_unicode_ci;

-- Dumping data for table shophoa.khuyenmai: ~0 rows (approximately)
/*!40000 ALTER TABLE `khuyenmai` DISABLE KEYS */;
/*!40000 ALTER TABLE `khuyenmai` ENABLE KEYS */;

-- Dumping structure for table shophoa.loaihoa
CREATE TABLE IF NOT EXISTS `loaihoa` (
  `lh_id` int(10) NOT NULL AUTO_INCREMENT,
  `lh_ten` varchar(50) COLLATE utf8mb4_unicode_ci NOT NULL,
  `lh_mota` varchar(1000) COLLATE utf8mb4_unicode_ci NOT NULL,
  PRIMARY KEY (`lh_id`)
) ENGINE=InnoDB AUTO_INCREMENT=31 DEFAULT CHARSET=utf8mb4 COLLATE=utf8mb4_unicode_ci;

-- Dumping data for table shophoa.loaihoa: ~9 rows (approximately)
/*!40000 ALTER TABLE `loaihoa` DISABLE KEYS */;
INSERT INTO `loaihoa` (`lh_id`, `lh_ten`, `lh_mota`) VALUES
	(1, 'Hoa Hồng', 'mt'),
	(2, 'Hoa Hướng Dương', 'mt'),
	(3, 'Hoa Cẩm Chướng', 'mt'),
	(4, 'Hoa Cẩm Tú Cầu', 'mt'),
	(5, 'Hoa Baby', 'mt'),
	(6, 'Hoa Cúc', 'mt'),
	(7, 'Hoa Cát Tường', 'mt'),
	(8, 'Hoa Đồng Tiền', 'mt'),
	(9, 'Hoa Lan', 'mt');
/*!40000 ALTER TABLE `loaihoa` ENABLE KEYS */;

-- Dumping structure for table shophoa.mauhoa
CREATE TABLE IF NOT EXISTS `mauhoa` (
  `mh_id` int(10) NOT NULL AUTO_INCREMENT,
  `mh_ten` varchar(50) COLLATE utf8mb4_unicode_ci NOT NULL,
  PRIMARY KEY (`mh_id`)
) ENGINE=InnoDB AUTO_INCREMENT=16 DEFAULT CHARSET=utf8mb4 COLLATE=utf8mb4_unicode_ci;

-- Dumping data for table shophoa.mauhoa: ~9 rows (approximately)
/*!40000 ALTER TABLE `mauhoa` DISABLE KEYS */;
INSERT INTO `mauhoa` (`mh_id`, `mh_ten`) VALUES
	(1, 'Màu Đỏ'),
	(2, 'Màu Cam'),
	(3, 'Màu Vàng'),
	(4, 'Màu Xanh Lá'),
	(5, 'Màu Xanh Dương'),
	(6, 'Màu Hồng'),
	(7, 'Màu Tím'),
	(8, 'Màu Đen'),
	(9, 'Màu Trắng');
/*!40000 ALTER TABLE `mauhoa` ENABLE KEYS */;

-- Dumping structure for table shophoa.sanpham
CREATE TABLE IF NOT EXISTS `sanpham` (
  `sp_id` int(11) NOT NULL AUTO_INCREMENT,
  `sp_ten` varchar(100) COLLATE utf8mb4_unicode_ci DEFAULT NULL,
  `sp_gia` decimal(13,3) DEFAULT NULL,
  `sp_giacu` decimal(13,3) DEFAULT NULL,
  `sp_soluong` int(11) DEFAULT NULL,
  `sp_mota_ngan` varchar(300) COLLATE utf8mb4_unicode_ci DEFAULT NULL,
  `sp_mota_chitiet` text COLLATE utf8mb4_unicode_ci DEFAULT NULL,
  `sp_ngaycapnhat` datetime DEFAULT NULL,
  `sp_trangthai` int(1) DEFAULT NULL,
  `sp_avt_tenfile` varchar(255) COLLATE utf8mb4_unicode_ci DEFAULT NULL,
  `km` int(11) DEFAULT NULL,
  PRIMARY KEY (`sp_id`),
  KEY `FK_sanpham_khuyenmai` (`km`),
  CONSTRAINT `FK_sanpham_khuyenmai` FOREIGN KEY (`km`) REFERENCES `khuyenmai` (`km_id`) ON UPDATE CASCADE
) ENGINE=InnoDB AUTO_INCREMENT=269 DEFAULT CHARSET=utf8mb4 COLLATE=utf8mb4_unicode_ci;

-- Dumping data for table shophoa.sanpham: ~77 rows (approximately)
/*!40000 ALTER TABLE `sanpham` DISABLE KEYS */;
INSERT INTO `sanpham` (`sp_id`, `sp_ten`, `sp_gia`, `sp_giacu`, `sp_soluong`, `sp_mota_ngan`, `sp_mota_chitiet`, `sp_ngaycapnhat`, `sp_trangthai`, `sp_avt_tenfile`, `km`) VALUES
	(1, 'Bó Hoa Hồng Beautiful You', 229000.000, 599000.000, 312, '', '', '2020-10-07 00:00:00', 1, 'Hoa_Hong1d.jpg', NULL),
	(2, 'Bó Hoa Fabulously Red', 319000.000, 619000.000, 194, '', '', '2020-10-07 00:00:00', 1, 'Hoa_Cam_Chuong1.jpg', NULL),
	(5, 'Giỏ Hoa Rose Land', 279000.000, 469000.000, 153, '', '', '2020-10-07 00:00:00', 1, 'Hoa_Cam_Chuong5.jpg', NULL),
	(7, 'Giỏ Hoa Spring Garden', 329000.000, 499000.000, 285, '', '', '2020-10-07 00:00:00', 1, 'SpringGarden_8a7fdabb-0ecd-4f76-82dc-5dd0583f2546_1024x1024@2x.jpg', NULL),
	(11, 'Bó Hoa Hồng Forever', 419000.000, 0.000, 362, '', '', '2020-10-07 00:00:00', 1, 'Hoa_Hong2.jpg', NULL),
	(12, 'Hộp Hoa Gỗ City Of Stars', 469000.000, 0.000, 220, '', '', '2020-10-07 00:00:00', 1, 'H_pHoaG_CityOfStars_bd7c9cb4-867e-4ee5-afc8-4ebf80ea6224_1024x1024@2x.jpg', NULL),
	(14, 'Hộp Hoa Gỗ Come And Kiss Me', 519000.000, 0.000, 483, '', '', '2020-10-07 00:00:00', 1, 'ComeAndKissMe_C_mTron1_1024x1024@2x.jpg', NULL),
	(16, 'Hộp Hoa Gỗ Have A Sweet Day', 619000.000, 0.000, 301, '', '', '2020-10-07 00:00:00', 1, 'H_pHoaG_HaveASweetDay1_1024x1024@2x.jpg', NULL),
	(20, 'Bó Hoa Pinky', 319000.000, 0.000, 125, '', '', '2020-10-07 00:00:00', 1, 'Pinky_1024x1024@2x.jpg', NULL),
	(21, 'Bó Hoa Doors To Heaven', 289000.000, 0.000, 238, '', '', '2020-10-07 00:00:00', 1, 'BoHoaDoorsToHeavenCaoCap-web_1024x1024@2x.jpg', NULL),
	(28, 'Bình Hoa Thủy Tinh Fire For The Soul', 679000.000, 0.000, 374, '', '', '2020-10-07 00:00:00', 1, 'BinhHoaTh_yTinhFireForTheSoul_1024x1024@2x.jpg', NULL),
	(33, 'Bó Hoa Hồng Ecuador Only You', 799000.000, 0.000, 500, '', '', '2020-10-07 00:00:00', 1, 'onlyu_1_1024x1024@2x.jpg', NULL),
	(34, 'Bó Hoa Pink Blush', 299000.000, 0.000, 367, '', '', '2020-10-07 00:00:00', 1, 'pinkblush_1024x1024@2x.jpg', NULL),
	(38, 'Giỏ hoa Diamond Love', 569000.000, 0.000, 104, '', '', '2020-10-07 00:00:00', 1, 'diamondlove_1024x1024@2x.jpg', NULL),
	(50, 'Hộp Hoa Gỗ Sunshine Box', 619000.000, 0.000, 404, '', '', '2020-10-07 00:00:00', 1, 'H_pHoaG_SunshineBox_1024x1024@2x.jpg', NULL),
	(52, 'Bó Hoa Hướng Dương Sunny Smile', 299000.000, 0.000, 444, '', '', '2020-10-07 00:00:00', 1, 'Hoa_Huong_Duong2.jpg', NULL),
	(53, 'Bó Hoa Hướng Dương Shiny Baby', 419000.000, 0.000, 267, '', '', '2020-10-07 00:00:00', 1, 'BoHoaH_ngD_ngShinyBaby_1024x1024@2x.jpg', NULL),
	(54, 'Bó Hoa Hướng Dương Sunny Days', 319000.000, 0.000, 130, '', '', '2020-10-07 00:00:00', 1, 'Hoa_Huong_Duong.jpg', NULL),
	(55, 'Bó Hoa Yellow Garden', 449000.000, 0.000, 262, '', '', '2020-10-07 00:00:00', 1, 'BoHoaYellowGarden_87092941-9d4c-42d3-a3cf-5f0694af9c0a_1024x1024@2x.jpg', NULL),
	(56, 'Bó Hoa My Only Sunshine', 379000.000, 629000.000, 332, '', '', '2020-10-07 00:00:00', 1, 'hoa-baby-bo-hoa-my-only-sunshine-1_1024x1024@2x.jpg', NULL),
	(57, 'Giỏ Hoa Be Happy', 279000.000, 469000.000, 222, '', '', '2020-10-07 00:00:00', 1, 'Happy_1d07c191-8a68-414a-973c-fdb949a012fd_1024x1024@2x.jpg', NULL),
	(58, 'Bó Hoa Mindful Soul', 259000.000, 429000.000, 353, '', '', '2020-10-07 00:00:00', 1, 'mindfulsoul_1024x1024@2x.jpg', NULL),
	(66, 'Giỏ Hoa Wonderland', 1329000.000, 0.000, 448, '', '', '2020-10-07 00:00:00', 1, 'wonderland_1024x1024@2x.jpg', NULL),
	(67, 'Hộp Hoa Gỗ Pretty Glory', 589000.000, 1119000.000, 421, '', '', '2020-10-07 00:00:00', 1, 'H_pHoaG_PrettyGlory_1024x1024@2x.jpg', NULL),
	(71, 'Bó Hoa Purple Desire', 439000.000, 0.000, 419, '', '', '2020-10-07 00:00:00', 1, 'BoHoaPurpleDesire_1024x1024@2x.jpg', NULL),
	(72, 'Bó Hoa The Ocean Breeze', 499000.000, 0.000, 397, '', '', '2020-10-07 00:00:00', 1, 'BoHoaTheOceanBreezeBridal_1024x1024@2x.jpg', NULL),
	(74, 'Bó Hoa Twilight', 749000.000, 0.000, 371, '', '', '2020-10-07 00:00:00', 1, 'BoHoaTwilight_1024x1024@2x.jpg', NULL),
	(75, 'Bó Hoa Autumn Melody', 439000.000, 0.000, 224, '', '', '2020-10-07 00:00:00', 1, 'BoHoaAutumnMelody_1024x1024@2x.jpg', NULL),
	(77, 'Ngày Tốt Lành!', 239000.000, 0.000, 350, '', '', '2020-10-07 00:00:00', 1, 'NgayT_tLanh_1024x1024@2x.jpg', NULL),
	(80, 'Giỏ Hoa Anna"s Garden', 329000.000, 549000.000, 240, '', '', '2020-10-07 00:00:00', 1, 'Anna_sGarden_007c9667-eb30-47d6-b724-b43f2d23c8e5_1024x1024@2x.jpg', NULL),
	(82, 'Bó Hoa Under The Blue Sky', 199000.000, 369000.000, 351, '', '', '2020-10-07 00:00:00', 1, 'UnderTheBlueSky_1024x1024@2x.jpg', NULL),
	(84, 'Bó Hoa Day Dreamer', 369000.000, 0.000, 410, '', '', '2020-10-07 00:00:00', 1, 'daydreamer_1_1024x1024@2x.jpg', NULL),
	(85, 'Bó Hoa Romantic Escape', 599000.000, 0.000, 339, '', '', '2020-10-07 00:00:00', 1, 'romance-escape_1024x1024@2x.jpg', NULL),
	(86, 'Bó Hoa Sweet Desire', 429000.000, 0.000, 387, '', '', '2020-10-07 00:00:00', 1, 'SweetDesire_Transparent_01_1024x1024@2x.jpg', NULL),
	(87, 'Bó Hoa Million Little Things', 819000.000, 0.000, 378, '', '', '2020-10-07 00:00:00', 1, 'bo-hoa-million-little-things-1_1_1024x1024@2x.jpg', NULL),
	(88, 'Bó Hoa Passionate Love', 639000.000, 0.000, 361, '', '', '2020-10-07 00:00:00', 1, 'PassionateLove_1024x1024@2x.jpg', NULL),
	(89, 'Bó Hoa My Juliet', 329000.000, 0.000, 121, '', '', '2020-10-07 00:00:00', 1, 'my-juliet-123_67324705-d8c5-4876-8168-139b8bca1a56_1024x1024@2x.jpg', NULL),
	(90, 'Bó Hoa My Princess', 419000.000, 0.000, 196, '', '', '2020-10-07 00:00:00', 1, 'myprincess_1024x1024@2x.jpg', NULL),
	(91, 'Bó Hoa Enchanted', 1549000.000, 0.000, 369, '', '', '2020-10-07 00:00:00', 1, 'BoHoaEnchanted_1024x1024@2x.jpg', NULL),
	(92, 'Hộp Hoa Gỗ Sweet Tenderness', 879000.000, 0.000, 358, '', '', '2020-10-07 00:00:00', 1, 'H_pHoaG_SweetTenderness_1024x1024@2x.jpg', NULL),
	(93, 'Bó Hoa Crystal Pearl', 499000.000, 0.000, 390, '', '', '2020-10-07 00:00:00', 1, 'BoHoaCrystalPearlonweb_1024x1024@2x.jpg', NULL),
	(94, 'Bó Hoa Intense Love', 539000.000, 969000.000, 203, '', '', '2020-10-07 00:00:00', 1, 'intense-love-1_1024x1024@2x.jpg', NULL),
	(96, 'Hộp Hoa Gỗ Sweet Blossom', 779000.000, 0.000, 114, '', '', '2020-10-07 00:00:00', 1, 'H_pHoaG_SweetBlossom_1024x1024@2x.jpg', NULL),
	(100, 'Bó Hoa Young & Beautiful', 349000.000, 569000.000, 283, '', '', '2020-10-07 00:00:00', 1, 'youngandbeautiful_1024x1024@2x.jpg', NULL),
	(101, 'Bó hoa Shining Ruby', 949000.000, 0.000, 339, '', '', '2020-10-07 00:00:00', 1, 'Shining-Ruby_1024x1024@2x.jpg', NULL),
	(102, 'Bó Hoa Love At First Sight', 1039000.000, 0.000, 283, '', '', '2020-10-07 00:00:00', 1, 'bo-hoa-love-at-first-sight-1_1_1024x1024@2x.jpg', NULL),
	(103, 'Bó Hoa Gentle Love', 759000.000, 0.000, 175, '', '', '2020-10-07 00:00:00', 1, 'gentle-love-hcmc-hanoi_1024x1024@2x.jpg', NULL),
	(104, 'Bó Hoa Roseanne', 449000.000, 749000.000, 294, '', '', '2020-10-07 00:00:00', 1, 'Bo-Hoa-Roseanne_1024x1024@2x.jpg', NULL),
	(105, 'Hộp Hoa Blooms Of Love', 1029000.000, 0.000, 497, '', '', '2020-10-07 00:00:00', 1, 'Blooms-Of-Love_dc2f1bd1-fc27-4f43-b2bd-2a2529aff895_1024x1024@2x.jpg', NULL),
	(107, 'Bó Hoa Cherish Bridal', 789000.000, 0.000, 404, '', '', '2020-10-07 00:00:00', 1, 'BoHoaCherishBridal_1024x1024@2x.jpg', NULL),
	(108, 'Bó Hoa Cúc Tana Pure Joy', 299000.000, 529000.000, 495, '', '', '2020-10-07 00:00:00', 1, 'purejoy_1024x1024@2x.jpg', NULL),
	(111, 'Bình Hoa Thủy Tinh Loving Me Softly', 639000.000, 0.000, 387, '', '', '2020-10-07 00:00:00', 1, 'BinhHoaTh_yTinhLovingMeSoftly_1024x1024@2x.jpg', NULL),
	(115, 'Giỏ Hoa Midsummer', 619000.000, 0.000, 100, '', '', '2020-10-07 00:00:00', 1, 'midsum_1024x1024@2x.jpg', NULL),
	(116, 'Bó Hoa Be Grateful', 529000.000, 0.000, 215, '', '', '2020-10-07 00:00:00', 1, 'bo-hoa-be-grateful-1_1_1024x1024@2x.jpg', NULL),
	(117, 'Bó Hoa Pinky Promise', 549000.000, 0.000, 398, '', '', '2020-10-07 00:00:00', 1, 'pink-promise-4_6a97191d-5eed-4693-96d7-e1881a8e408f_1024x1024@2x.jpg', NULL),
	(118, 'Bó Hoa Dream Of You', 429000.000, 0.000, 210, '', '', '2020-10-07 00:00:00', 1, 'BoHoaDreamofYou_1024x1024@2x.jpg', NULL),
	(119, 'Giỏ Hoa Cát Tường & Cẩm Chướng Trắng Eternal Bond', 539000.000, 0.000, 113, '', '', '2020-10-07 00:00:00', 1, 'eternalbonddd_1024x1024@2x.jpg', NULL),
	(120, 'Hộp Hoa Miss Globe', 519000.000, 0.000, 321, '', '', '2020-10-07 00:00:00', 1, 'MissGlobe_be47b391-1537-46d5-acb4-7c11b60f9d0b_1024x1024@2x.jpg', NULL),
	(121, 'Bó Hoa Pink Princess', 669000.000, 0.000, 428, '', '', '2020-10-07 00:00:00', 1, 'BoHoaPinkPrincess_c1ac38bc-39bd-4427-9c3b-9bc88d65af15_1024x1024@2x.jpg', NULL),
	(125, 'Bó Hoa Dear Daises', 769000.000, 0.000, 409, '', '', '2020-10-07 00:00:00', 1, 'BoHoaDearDaises_1024x1024@2x.jpg', NULL),
	(126, 'Bó Hoa Make Me Smile', 369000.000, 0.000, 326, '', '', '2020-10-07 00:00:00', 1, 'BoHoaMakeMeSmile_1024x1024@2x.jpg', NULL),
	(129, 'Bó Hoa Adorable Smile', 199000.000, 0.000, 327, '', '', '2020-10-07 00:00:00', 1, 'adorablesmileupshopify_1024x1024@2x.jpg', NULL),
	(130, 'Bó Hoa Passionate Heart', 419000.000, 0.000, 358, '', '', '2020-10-07 00:00:00', 1, 'BoHoaPassionateHeart_1024x1024@2x.jpg', NULL),
	(131, 'Bó Hoa Angela', 419000.000, 0.000, 131, '', '', '2020-10-07 00:00:00', 1, 'nhieu-loai-hoa-bo-hoa-hong-cam-chuong-va-dong-tien-angela-1_1_1024x1024@2x.jpg', NULL),
	(132, 'Bó Hoa Thả Bình Oriental Bloom', 329000.000, 0.000, 329, '', '', '2020-10-07 00:00:00', 1, 'BoHoaTh_BinhOrientalBloom_1024x1024@2x.jpg', NULL),
	(136, 'Giỏ Hoa Lan Elegant In White', 2159000.000, 0.000, 420, '', '', '2020-10-07 00:00:00', 1, 'Gi_HoaLanElegantInWhite_1024x1024@2x.jpg', NULL),
	(137, 'Chậu Hoa Lan Morning Dew', 4059000.000, 0.000, 381, '', '', '2020-10-07 00:00:00', 1, 'Ch_uHoaLanMorningDew_1024x1024@2x.jpg', NULL),
	(138, 'Chậu Hoa Lan Break Of Dawn', 599000.000, 0.000, 482, '', '', '2020-10-07 00:00:00', 1, 'Ch_uHoaLanBreakOfDawn_1024x1024@2x.jpg', NULL),
	(139, 'Giỏ Hoa Lan Delicacy Of The Moon', 1369000.000, 0.000, 267, '', '', '2020-10-07 00:00:00', 1, 'Gi_HoaLanDelicacyOfTheMoon_1024x1024@2x.jpg', NULL),
	(140, 'Chậu Hoa Lan Vanilla Butterfly', 4499000.000, 0.000, 102, '', '', '2020-10-07 00:00:00', 1, 'Ch_uHoaLanVanillaButterfly_1024x1024@2x.jpg', NULL),
	(141, 'Chậu Hoa Lan Spring In Blossom', 4059000.000, 0.000, 401, '', '', '2020-10-07 00:00:00', 1, 'Ch_uHoaLanSpringInBlossom_1024x1024@2x.jpg', NULL),
	(142, 'Giỏ Hoa Lan Gentle Brightness', 569000.000, 0.000, 298, '', '', '2020-10-07 00:00:00', 1, 'Gi_HoaLanGentleBrightness_1024x1024@2x.jpg', NULL),
	(143, 'Giỏ Hoa Lan Spring Light', 1229000.000, 0.000, 101, '', '', '2020-10-07 00:00:00', 1, 'Gi_HoaLanSpringLight_1024x1024@2x.jpg', NULL),
	(144, 'Chậu Hoa Lan Melody Of Joy', 2329000.000, 0.000, 283, '', '', '2020-10-07 00:00:00', 1, 'Ch_uHoaLanMelodyOfJoy_1024x1024@2x.jpg', NULL),
	(145, 'Bó Hoa Thả Bình Hoa Đất', 1099000.000, 0.000, 301, '', '', '2020-10-07 00:00:00', 1, 'BoHoaTh_BinhHoaD_t_1024x1024@2x.jpg', NULL),
	(146, 'Chậu Hoa Lan Parade Of Magenta', 1899000.000, 0.000, 301, '', '', '2020-10-07 00:00:00', 1, 'Ch_uHoaLanParadeOfMagenta_1024x1024@2x.jpg', NULL),
	(147, 'Chậu Hoa Lan Midnight', 1469000.000, 0.000, 222, '', '', '2020-10-07 00:00:00', 1, 'Ch_uHoaLanMidnight_1024x1024@2x.jpg', NULL);
/*!40000 ALTER TABLE `sanpham` ENABLE KEYS */;

-- Dumping structure for table shophoa.sanpham_has_chude
CREATE TABLE IF NOT EXISTS `sanpham_has_chude` (
  `sanpham_sp_id` int(11) NOT NULL,
  `chude_cd_id` int(10) NOT NULL,
  PRIMARY KEY (`sanpham_sp_id`,`chude_cd_id`),
  KEY `FK_sanpham_has_chude_sanpham` (`sanpham_sp_id`),
  KEY `FK_sanpham_has_chude_chude` (`chude_cd_id`),
  CONSTRAINT `FK_sanpham_has_chude_chude` FOREIGN KEY (`chude_cd_id`) REFERENCES `chude` (`cd_id`) ON UPDATE CASCADE,
  CONSTRAINT `FK_sanpham_has_chude_sanpham` FOREIGN KEY (`sanpham_sp_id`) REFERENCES `sanpham` (`sp_id`) ON UPDATE CASCADE
) ENGINE=InnoDB DEFAULT CHARSET=utf8mb4 COLLATE=utf8mb4_unicode_ci;

-- Dumping data for table shophoa.sanpham_has_chude: ~208 rows (approximately)
/*!40000 ALTER TABLE `sanpham_has_chude` DISABLE KEYS */;
INSERT INTO `sanpham_has_chude` (`sanpham_sp_id`, `chude_cd_id`) VALUES
	(1, 2),
	(1, 4),
	(1, 5),
	(2, 1),
	(2, 2),
	(2, 4),
	(2, 5),
	(5, 2),
	(5, 4),
	(5, 5),
	(5, 6),
	(7, 4),
	(7, 5),
	(7, 6),
	(11, 1),
	(11, 2),
	(12, 1),
	(12, 5),
	(12, 6),
	(14, 1),
	(14, 2),
	(14, 4),
	(14, 5),
	(16, 2),
	(16, 5),
	(16, 6),
	(20, 1),
	(20, 2),
	(20, 6),
	(21, 2),
	(21, 5),
	(28, 1),
	(28, 4),
	(28, 5),
	(28, 6),
	(33, 1),
	(33, 2),
	(34, 1),
	(38, 1),
	(38, 4),
	(38, 5),
	(50, 1),
	(50, 4),
	(50, 6),
	(50, 7),
	(52, 1),
	(52, 2),
	(52, 4),
	(52, 5),
	(52, 6),
	(53, 1),
	(53, 4),
	(53, 5),
	(53, 6),
	(54, 1),
	(54, 2),
	(54, 4),
	(54, 6),
	(55, 1),
	(55, 4),
	(55, 5),
	(55, 6),
	(56, 1),
	(56, 2),
	(56, 4),
	(56, 5),
	(57, 1),
	(57, 4),
	(57, 5),
	(57, 6),
	(58, 1),
	(58, 4),
	(58, 5),
	(58, 6),
	(66, 7),
	(67, 4),
	(67, 6),
	(67, 7),
	(71, 1),
	(71, 5),
	(71, 6),
	(72, 1),
	(72, 2),
	(72, 4),
	(72, 5),
	(72, 6),
	(74, 1),
	(74, 2),
	(74, 4),
	(75, 1),
	(75, 4),
	(75, 6),
	(77, 5),
	(77, 6),
	(80, 4),
	(80, 5),
	(80, 6),
	(82, 2),
	(82, 5),
	(82, 6),
	(84, 5),
	(85, 1),
	(85, 2),
	(85, 4),
	(85, 5),
	(85, 6),
	(86, 1),
	(86, 2),
	(87, 1),
	(87, 2),
	(87, 4),
	(88, 1),
	(88, 2),
	(88, 4),
	(89, 1),
	(89, 2),
	(90, 1),
	(90, 2),
	(92, 4),
	(92, 6),
	(93, 1),
	(93, 5),
	(93, 6),
	(94, 1),
	(94, 2),
	(94, 4),
	(96, 2),
	(96, 4),
	(96, 6),
	(96, 7),
	(100, 1),
	(100, 2),
	(100, 5),
	(101, 1),
	(101, 2),
	(102, 1),
	(102, 2),
	(102, 4),
	(103, 1),
	(103, 2),
	(103, 5),
	(104, 1),
	(104, 2),
	(104, 4),
	(104, 5),
	(105, 1),
	(105, 2),
	(105, 4),
	(105, 7),
	(107, 3),
	(108, 1),
	(108, 5),
	(108, 6),
	(111, 1),
	(111, 5),
	(111, 6),
	(115, 1),
	(116, 1),
	(116, 6),
	(117, 1),
	(117, 2),
	(117, 4),
	(117, 5),
	(117, 6),
	(118, 1),
	(118, 2),
	(118, 4),
	(118, 5),
	(120, 6),
	(121, 1),
	(125, 5),
	(126, 1),
	(126, 6),
	(129, 1),
	(129, 2),
	(130, 1),
	(130, 2),
	(130, 4),
	(130, 5),
	(130, 6),
	(131, 1),
	(131, 6),
	(136, 4),
	(137, 4),
	(137, 7),
	(138, 4),
	(138, 6),
	(138, 7),
	(139, 4),
	(140, 4),
	(140, 7),
	(141, 4),
	(141, 7),
	(142, 4),
	(142, 6),
	(142, 7),
	(143, 4),
	(143, 6),
	(143, 7),
	(144, 4),
	(144, 7),
	(145, 4),
	(145, 6),
	(146, 4),
	(146, 7),
	(147, 4),
	(147, 6),
	(147, 7);
/*!40000 ALTER TABLE `sanpham_has_chude` ENABLE KEYS */;

-- Dumping structure for table shophoa.sanpham_has_loaihoa
CREATE TABLE IF NOT EXISTS `sanpham_has_loaihoa` (
  `sanpham_sp_id` int(11) NOT NULL,
  `loaihoa_lh_id` int(10) NOT NULL,
  PRIMARY KEY (`sanpham_sp_id`,`loaihoa_lh_id`),
  KEY `fk_sanpham_has_loaihoa_loaihoa1_idx` (`loaihoa_lh_id`),
  KEY `fk_sanpham_has_loaihoa_sanpham1_idx` (`sanpham_sp_id`),
  CONSTRAINT `fk_sanpham_has_loaihoa_loaihoa1` FOREIGN KEY (`loaihoa_lh_id`) REFERENCES `loaihoa` (`lh_id`) ON UPDATE CASCADE,
  CONSTRAINT `fk_sanpham_has_loaihoa_sanpham1` FOREIGN KEY (`sanpham_sp_id`) REFERENCES `sanpham` (`sp_id`) ON UPDATE CASCADE
) ENGINE=InnoDB DEFAULT CHARSET=utf8mb4 COLLATE=utf8mb4_unicode_ci;

-- Dumping data for table shophoa.sanpham_has_loaihoa: ~0 rows (approximately)
/*!40000 ALTER TABLE `sanpham_has_loaihoa` DISABLE KEYS */;
INSERT INTO `sanpham_has_loaihoa` (`sanpham_sp_id`, `loaihoa_lh_id`) VALUES
	(1, 1),
	(1, 3),
	(1, 7),
	(2, 1),
	(2, 7),
	(5, 1),
	(7, 1),
	(7, 6),
	(7, 8),
	(11, 1),
	(11, 6),
	(12, 1),
	(14, 1),
	(16, 1),
	(20, 1),
	(20, 8),
	(21, 1),
	(21, 8),
	(28, 1),
	(33, 1),
	(34, 1),
	(38, 1),
	(38, 6),
	(50, 2),
	(50, 5),
	(52, 2),
	(52, 5),
	(53, 2),
	(53, 5),
	(54, 2),
	(54, 6),
	(55, 2),
	(56, 2),
	(57, 2),
	(57, 8),
	(58, 2),
	(66, 2),
	(67, 2),
	(67, 3),
	(67, 6),
	(71, 3),
	(72, 3),
	(72, 4),
	(72, 7),
	(74, 3),
	(74, 6),
	(75, 3),
	(77, 3),
	(80, 3),
	(82, 4),
	(84, 4),
	(85, 4),
	(86, 4),
	(87, 4),
	(88, 4),
	(89, 4),
	(90, 4),
	(91, 4),
	(92, 4),
	(93, 4),
	(94, 4),
	(96, 4),
	(96, 6),
	(100, 5),
	(100, 7),
	(100, 8),
	(101, 5),
	(102, 3),
	(102, 5),
	(103, 5),
	(104, 5),
	(105, 5),
	(107, 5),
	(107, 7),
	(108, 6),
	(111, 3),
	(111, 6),
	(111, 8),
	(115, 6),
	(116, 6),
	(116, 8),
	(117, 6),
	(118, 7),
	(119, 7),
	(120, 6),
	(120, 7),
	(121, 3),
	(121, 4),
	(121, 7),
	(125, 7),
	(126, 8),
	(129, 7),
	(129, 8),
	(130, 8),
	(131, 8),
	(131, 9),
	(132, 8),
	(136, 9),
	(137, 8),
	(137, 9),
	(138, 8),
	(138, 9),
	(139, 9),
	(140, 3),
	(140, 9),
	(141, 8),
	(141, 9),
	(142, 8),
	(142, 9),
	(143, 9),
	(144, 9),
	(145, 6),
	(145, 9),
	(146, 9),
	(147, 9);
/*!40000 ALTER TABLE `sanpham_has_loaihoa` ENABLE KEYS */;

-- Dumping structure for table shophoa.sanpham_has_mauhoa
CREATE TABLE IF NOT EXISTS `sanpham_has_mauhoa` (
  `sanpham_sp_id` int(11) NOT NULL,
  `mauhoa_mh_id` int(10) NOT NULL,
  PRIMARY KEY (`sanpham_sp_id`,`mauhoa_mh_id`),
  KEY `fk_sanpham_has_mauhoa_mauhoa1_idx` (`mauhoa_mh_id`),
  KEY `fk_sanpham_has_mauhoa_sanpham1_idx` (`sanpham_sp_id`),
  CONSTRAINT `fk_sanpham_has_mauhoa_mauhoa1` FOREIGN KEY (`mauhoa_mh_id`) REFERENCES `mauhoa` (`mh_id`) ON UPDATE CASCADE,
  CONSTRAINT `fk_sanpham_has_mauhoa_sanpham1` FOREIGN KEY (`sanpham_sp_id`) REFERENCES `sanpham` (`sp_id`) ON UPDATE CASCADE
) ENGINE=InnoDB DEFAULT CHARSET=utf8mb4 COLLATE=utf8mb4_unicode_ci;

-- Dumping data for table shophoa.sanpham_has_mauhoa: ~0 rows (approximately)
/*!40000 ALTER TABLE `sanpham_has_mauhoa` DISABLE KEYS */;
INSERT INTO `sanpham_has_mauhoa` (`sanpham_sp_id`, `mauhoa_mh_id`) VALUES
	(1, 1),
	(2, 1),
	(2, 8),
	(5, 6),
	(7, 2),
	(11, 8),
	(12, 7),
	(14, 1),
	(16, 6),
	(20, 6),
	(21, 6),
	(28, 2),
	(33, 9),
	(34, 6),
	(38, 3),
	(38, 8),
	(50, 3),
	(52, 3),
	(53, 3),
	(54, 3),
	(55, 3),
	(56, 3),
	(57, 3),
	(58, 3),
	(58, 5),
	(66, 2),
	(66, 3),
	(67, 3),
	(71, 7),
	(72, 5),
	(72, 6),
	(74, 7),
	(74, 8),
	(75, 3),
	(75, 5),
	(77, 3),
	(80, 1),
	(80, 2),
	(82, 5),
	(84, 5),
	(85, 4),
	(86, 6),
	(87, 4),
	(88, 6),
	(89, 6),
	(90, 6),
	(91, 6),
	(92, 6),
	(92, 7),
	(93, 3),
	(93, 9),
	(94, 1),
	(96, 6),
	(100, 9),
	(101, 1),
	(101, 8),
	(102, 1),
	(103, 6),
	(104, 6),
	(105, 6),
	(107, 7),
	(108, 3),
	(111, 6),
	(115, 4),
	(115, 9),
	(116, 7),
	(117, 6),
	(117, 7),
	(118, 2),
	(118, 6),
	(119, 9),
	(120, 6),
	(121, 6),
	(125, 3),
	(126, 2),
	(126, 6),
	(129, 2),
	(130, 1),
	(131, 6),
	(132, 1),
	(132, 3),
	(132, 6),
	(136, 9),
	(137, 9),
	(138, 7),
	(139, 7),
	(140, 7),
	(141, 7),
	(141, 9),
	(142, 3),
	(143, 3),
	(144, 3),
	(145, 3),
	(146, 7),
	(147, 7);
/*!40000 ALTER TABLE `sanpham_has_mauhoa` ENABLE KEYS */;

/*!40101 SET SQL_MODE=IFNULL(@OLD_SQL_MODE, '') */;
/*!40014 SET FOREIGN_KEY_CHECKS=IF(@OLD_FOREIGN_KEY_CHECKS IS NULL, 1, @OLD_FOREIGN_KEY_CHECKS) */;
/*!40101 SET CHARACTER_SET_CLIENT=@OLD_CHARACTER_SET_CLIENT */;
